coord.lon,coord.lat,weather.id,weather.main,weather.description,weather.icon,base,main.temp,main.feels_like,main.temp_min,main.temp_max,main.pressure,main.humidity,visibility,wind.speed,wind.deg,all,dt,sys.country,sys.sunrise,sys.sunset,timezone,id,name,cod
77.4,23.2667,721,Haze,haze,50d,stations,299.28,299.28,299.28,299.28,1015,25,3000,3.09,40,99,1636614091,IN,1636592499,1636632437,19800,1275841,Bhopal,200
77.4,23.2667,721,Haze,haze,50d,stations,300.28,299.35,300.28,300.28,1014,21,3000,4.63,360,67,1636617705,IN,1636592499,1636632437,19800,1275841,Bhopal,200
77.4,23.2667,721,Haze,haze,50d,stations,300.28,299.37,300.28,300.28,1013,22,3000,4.63,10,50,1636621477,IN,1636592499,1636632437,19800,1275841,Bhopal,200
77.4,23.2667,803,Clouds,broken clouds,04d,stations,300.49,299.45,300.49,300.49,1010,20,1010,4.62,47,58,1636624943,IN,1636592499,1636632437,19800,1275841,Bhopal,200
77.4,23.2667,803,Clouds,broken clouds,04d,stations,300.28,299.29,300.28,300.28,1012,19,10000,5.14,10,66,1636628678,IN,1636592499,1636632437,19800,1275841,Bhopal,200
77.4,23.2667,803,Clouds,broken clouds,04d,stations,295.54,294.64,295.54,295.54,1011,31,1011,3.11,56,72,1636632224,IN,1636592499,1636632437,19800,1275841,Bhopal,200
77.4,23.2667,721,Haze,haze,50n,stations,296.28,295.46,296.28,296.28,1013,31,4000,1.54,10,98,1636635820,IN,1636592499,1636632437,19800,1275841,Bhopal,200
77.4,23.2667,721,Haze,haze,50n,stations,295.28,294.33,295.28,295.28,1013,30,4000,2.06,20,98,1636639517,IN,1636592499,1636632437,19800,1275841,Bhopal,200
77.4,23.2667,721,Haze,haze,50n,stations,293.28,292.18,293.28,293.28,1014,32,4000,1.54,20,96,1636642826,IN,1636592499,1636632437,19800,1275841,Bhopal,200
77.4,23.2667,721,Haze,haze,50n,stations,292.28,291.14,292.28,292.28,1014,34,3000,2.57,10,97,1636646543,IN,1636592499,1636632437,19800,1275841,Bhopal,200
77.4,23.2667,721,Haze,haze,50n,stations,291.28,290.09,291.28,291.28,1015,36,3000,2.06,10,97,1636650323,IN,1636592499,1636632437,19800,1275841,Bhopal,200
77.4,23.2667,721,Haze,haze,50n,stations,291.28,290.25,291.28,291.28,1015,42,3000,2.06,360,97,1636653805,IN,1636592499,1636632437,19800,1275841,Bhopal,200
77.4,23.2667,804,Clouds,overcast clouds,04n,stations,290.36,289.21,290.36,290.36,1013,41,1013,2.8,47,100,1636657527,IN,1636678938,1636718814,19800,1275841,Bhopal,200
77.4,23.2667,804,Clouds,overcast clouds,04n,stations,289.73,288.57,289.73,289.73,1013,43,1013,2.65,59,98,1636661130,IN,1636678938,1636718814,19800,1275841,Bhopal,200
77.4,23.2667,804,Clouds,overcast clouds,04n,stations,289.34,288.16,289.34,289.34,1013,44,1013,2.6,55,97,1636664529,IN,1636678938,1636718814,19800,1275841,Bhopal,200
77.4,23.2667,804,Clouds,overcast clouds,04n,stations,289.08,287.9,289.08,289.08,1013,45,1013,2.76,44,93,1636668336,IN,1636678938,1636718814,19800,1275841,Bhopal,200
77.4,23.2667,804,Clouds,overcast clouds,04n,stations,289.01,287.85,289.01,289.01,1013,46,1013,2.42,41,94,1636671937,IN,1636678938,1636718814,19800,1275841,Bhopal,200
77.4,23.2667,804,Clouds,overcast clouds,04n,stations,288.48,287.3,288.48,288.48,1013,47,1013,2.94,41,93,1636675541,IN,1636678938,1636718814,19800,1275841,Bhopal,200
77.4,23.2667,804,Clouds,overcast clouds,04d,stations,287.96,286.83,287.96,287.96,1014,51,1014,2.93,40,99,1636679142,IN,1636678938,1636718814,19800,1275841,Bhopal,200
77.4,23.2667,804,Clouds,overcast clouds,04d,stations,288.87,287.88,288.87,288.87,1015,53,1015,3.1,53,99,1636682743,IN,1636678938,1636718814,19800,1275841,Bhopal,200
77.4,23.2667,701,Mist,mist,50d,stations,290.28,289.48,290.28,290.28,1016,55,3000,2.06,10,96,1636686344,IN,1636678938,1636718814,19800,1275841,Bhopal,200
77.4,23.2667,701,Mist,mist,50d,stations,294.28,293.57,294.28,294.28,1016,43,3000,2.06,40,90,1636689945,IN,1636678938,1636718814,19800,1275841,Bhopal,200
77.4,23.2667,721,Haze,haze,50d,stations,295.28,294.59,295.28,295.28,1017,40,3000,4.12,10,20,1636693546,IN,1636678938,1636718814,19800,1275841,Bhopal,200
77.4,23.2667,721,Haze,haze,50d,stations,298.28,297.66,298.28,298.28,1016,31,3000,5.66,20,20,1636697047,IN,1636678938,1636718814,19800,1275841,Bhopal,200
77.4,23.2667,721,Haze,haze,50d,stations,299.28,299.28,299.28,299.28,1015,27,3000,3.09,70,20,1636700751,IN,1636678938,1636718814,19800,1275841,Bhopal,200
77.4,23.2667,721,Haze,haze,50d,stations,300.28,299.37,300.28,300.28,1014,22,4000,4.12,70,20,1636704219,IN,1636678938,1636718814,19800,1275841,Bhopal,200
77.4,23.2667,721,Haze,haze,50d,stations,301.28,300.01,301.28,301.28,1013,21,5000,3.6,20,20,1636707905,IN,1636678938,1636718814,19800,1275841,Bhopal,200
77.4,23.2667,721,Haze,haze,50d,stations,300.28,299.37,300.28,300.28,1012,22,5000,3.6,20,59,1636711509,IN,1636678938,1636718814,19800,1275841,Bhopal,200
77.4,23.2667,721,Haze,haze,50d,stations,300.28,299.37,300.28,300.28,1013,22,5000,2.57,30,59,1636715104,IN,1636678938,1636718814,19800,1275841,Bhopal,200
77.4,23.2667,721,Haze,haze,50d,stations,299.28,299.28,299.28,299.28,1013,27,5000,3.09,360,54,1636718767,IN,1636678938,1636718814,19800,1275841,Bhopal,200
77.4,23.2667,721,Haze,haze,50n,stations,296.28,295.51,296.28,296.28,1013,33,5000,1.54,360,76,1636722369,IN,1636678938,1636718814,19800,1275841,Bhopal,200
77.4,23.2667,721,Haze,haze,50n,stations,294.28,293.36,294.28,294.28,1014,35,5000,2.57,350,82,1636725974,IN,1636678938,1636718814,19800,1275841,Bhopal,200
77.4,23.2667,721,Haze,haze,50n,stations,293.28,292.39,293.28,293.28,1015,40,5000,2.06,10,98,1636729556,IN,1636678938,1636718814,19800,1275841,Bhopal,200
77.4,23.2667,721,Haze,haze,50n,stations,292.28,291.42,292.28,292.28,1015,45,4000,2.06,360,99,1636733178,IN,1636678938,1636718814,19800,1275841,Bhopal,200
77.4,23.2667,721,Haze,haze,50n,stations,291.28,290.32,291.28,291.28,1015,45,4000,2.57,360,90,1636736721,IN,1636678938,1636718814,19800,1275841,Bhopal,200
77.4,23.2667,803,Clouds,broken clouds,04n,stations,289.98,288.92,289.98,289.98,1014,46,1014,3.02,44,67,1636740143,IN,1636678938,1636718814,19800,1275841,Bhopal,200
77.4,23.2667,804,Clouds,overcast clouds,04n,stations,289.69,288.63,289.69,289.69,1014,47,1014,3.01,46,94,1636743961,IN,1636765378,1636805193,19800,1275841,Bhopal,200
77.4,23.2667,803,Clouds,broken clouds,04n,stations,289.28,288.2,289.28,289.28,1014,48,1014,2.82,46,78,1636747585,IN,1636765378,1636805193,19800,1275841,Bhopal,200
77.4,23.2667,803,Clouds,broken clouds,04n,stations,288.87,287.78,288.87,288.87,1013,49,1013,2.91,47,64,1636751191,IN,1636765378,1636805193,19800,1275841,Bhopal,200
77.4,23.2667,803,Clouds,broken clouds,04n,stations,288.48,287.37,288.48,288.48,1013,50,1013,2.94,42,60,1636754793,IN,1636765378,1636805193,19800,1275841,Bhopal,200
77.4,23.2667,802,Clouds,scattered clouds,03n,stations,288.12,287,288.12,288.12,1013,51,1013,3.05,44,49,1636758167,IN,1636765378,1636805193,19800,1275841,Bhopal,200
77.4,23.2667,721,Haze,haze,50n,stations,286.28,285.79,286.28,286.28,1015,82,3000,1.54,20,42,1636761996,IN,1636765378,1636805193,19800,1275841,Bhopal,200
77.4,23.2667,801,Clouds,few clouds,02d,stations,287.39,286.25,287.39,287.39,1015,53,1015,2.89,46,20,1636765601,IN,1636765378,1636805193,19800,1275841,Bhopal,200
77.4,23.2667,721,Haze,haze,50d,stations,286.28,285.4,286.28,286.28,1016,67,3000,2.06,330,57,1636769202,IN,1636765378,1636805193,19800,1275841,Bhopal,200
77.4,23.2667,803,Clouds,broken clouds,04d,stations,291.91,291.02,291.91,291.91,1016,45,1016,3.7,51,59,1636772728,IN,1636765378,1636805193,19800,1275841,Bhopal,200
77.4,23.2667,721,Haze,haze,50d,stations,293.28,292.52,293.28,293.28,1017,45,3000,3.09,10,91,1636776359,IN,1636765378,1636805193,19800,1275841,Bhopal,200
77.4,23.2667,721,Haze,haze,50d,stations,297.28,296.61,297.28,297.28,1017,33,4000,3.6,30,93,1636779836,IN,1636765378,1636805193,19800,1275841,Bhopal,200
77.4,23.2667,721,Haze,haze,50d,stations,297.28,296.74,297.28,297.28,1016,38,4000,2.57,30,93,1636783606,IN,1636765378,1636805193,19800,1275841,Bhopal,200
77.4,23.2667,804,Clouds,overcast clouds,04d,stations,299.29,299.29,299.29,299.29,1013,24,1013,4.08,47,100,1636786944,IN,1636765378,1636805193,19800,1275841,Bhopal,200
77.4,23.2667,721,Haze,haze,50d,stations,300.28,299.61,300.28,300.28,1014,29,4000,2.57,30,90,1636790544,IN,1636765378,1636805193,19800,1275841,Bhopal,200
77.4,23.2667,803,Clouds,broken clouds,04d,stations,300.34,299.41,300.34,300.34,1011,22,1011,3.81,42,80,1636794410,IN,1636765378,1636805193,19800,1275841,Bhopal,200
77.4,23.2667,803,Clouds,broken clouds,04d,stations,300.15,299.29,300.15,300.15,1010,22,1010,3.99,41,72,1636797775,IN,1636765378,1636805193,19800,1275841,Bhopal,200
77.4,23.2667,721,Haze,haze,50d,stations,300.28,299.58,300.28,300.28,1012,28,5000,3.6,360,64,1636801325,IN,1636765378,1636805193,19800,1275841,Bhopal,200
77.4,23.2667,721,Haze,haze,50n,stations,299.28,299.28,299.28,299.28,1012,29,5000,2.57,360,56,1636805217,IN,1636765378,1636805193,19800,1275841,Bhopal,200
77.4,23.2667,721,Haze,haze,50n,stations,297.28,296.61,297.28,297.28,1013,33,5000,2.06,340,28,1636808704,IN,1636765378,1636805193,19800,1275841,Bhopal,200
77.4,23.2667,721,Haze,haze,50n,stations,295.28,294.51,295.28,295.28,1013,37,5000,2.06,340,20,1636812298,IN,1636765378,1636805193,19800,1275841,Bhopal,200
77.4,23.2667,721,Haze,haze,50n,stations,293.28,292.45,293.28,293.28,1014,42,5000,1.54,360,17,1636815791,IN,1636765378,1636805193,19800,1275841,Bhopal,200
77.4,23.2667,721,Haze,haze,50n,stations,293.28,292.39,293.28,293.28,1014,40,4000,2.06,10,35,1636819533,IN,1636765378,1636805193,19800,1275841,Bhopal,200
77.4,23.2667,721,Haze,haze,50n,stations,292.28,291.35,292.28,292.28,1015,42,4000,3.09,350,48,1636823167,IN,1636765378,1636805193,19800,1275841,Bhopal,200
77.4,23.2667,801,Clouds,few clouds,02n,stations,290.23,289.12,290.23,290.23,1013,43,1013,2.83,54,11,1636826645,IN,1636765378,1636805193,19800,1275841,Bhopal,200
77.4,23.2667,800,Clear,clear sky,01n,stations,289.73,288.62,289.73,289.73,1013,45,1013,2.68,51,3,1636830304,IN,1636851817,1636891572,19800,1275841,Bhopal,200
77.4,23.2667,800,Clear,clear sky,01n,stations,289.28,288.15,289.28,289.28,1013,46,1013,2.59,52,2,1636833763,IN,1636851817,1636891572,19800,1275841,Bhopal,200
77.4,23.2667,800,Clear,clear sky,01n,stations,288.96,287.82,288.96,288.96,1013,47,1013,2.5,48,1,1636837343,IN,1636851817,1636891572,19800,1275841,Bhopal,200
77.4,23.2667,800,Clear,clear sky,01n,stations,288.73,287.6,288.73,288.73,1012,48,1012,2.62,48,4,1636841242,IN,1636851817,1636891572,19800,1275841,Bhopal,200
77.4,23.2667,800,Clear,clear sky,01n,stations,288.34,287.19,288.34,288.34,1013,49,1013,2.89,43,5,1636844843,IN,1636851817,1636891572,19800,1275841,Bhopal,200
77.4,23.2667,800,Clear,clear sky,01n,stations,288.01,286.86,288.01,288.01,1013,50,1013,2.7,51,6,1636848322,IN,1636851817,1636891572,19800,1275841,Bhopal,200
77.4,23.2667,801,Clouds,few clouds,02d,stations,287.8,286.65,287.8,287.8,1014,51,1014,2.55,52,11,1636852045,IN,1636851817,1636891572,19800,1275841,Bhopal,200
77.4,23.2667,802,Clouds,scattered clouds,03d,stations,288.98,287.95,288.98,288.98,1015,51,1015,2.76,50,25,1636855649,IN,1636851817,1636891572,19800,1275841,Bhopal,200
77.4,23.2667,802,Clouds,scattered clouds,03d,stations,291.97,291.03,291.97,291.97,1015,43,1015,3.47,51,32,1636859250,IN,1636851817,1636891572,19800,1275841,Bhopal,200
77.4,23.2667,802,Clouds,scattered clouds,03d,stations,294.63,293.8,294.63,294.63,1015,37,1015,3.48,58,26,1636862730,IN,1636851817,1636891572,19800,1275841,Bhopal,200
77.4,23.2667,802,Clouds,scattered clouds,03d,stations,296.77,296.1,296.77,296.77,1015,35,1015,3.35,65,25,1636866454,IN,1636851817,1636891572,19800,1275841,Bhopal,200
77.4,23.2667,721,Haze,haze,50d,stations,298.28,297.79,298.28,298.28,1016,36,3500,3.09,60,32,1636870055,IN,1636851817,1636891572,19800,1275841,Bhopal,200
77.4,23.2667,721,Haze,haze,50d,stations,298.28,297.71,298.28,298.28,1015,33,3500,3.6,100,96,1636873554,IN,1636851817,1636891572,19800,1275841,Bhopal,200
77.4,23.2667,721,Haze,haze,50d,stations,299.28,299.28,299.28,299.28,1014,34,3500,2.06,60,97,1636877138,IN,1636851817,1636891572,19800,1275841,Bhopal,200
77.4,23.2667,721,Haze,haze,50d,stations,301.28,300.34,301.28,301.28,1013,30,3500,3.09,350,96,1636880678,IN,1636851817,1636891572,19800,1275841,Bhopal,200
77.4,23.2667,721,Haze,haze,50d,stations,301.28,300.34,301.28,301.28,1012,30,3500,1.03,40,95,1636884319,IN,1636851817,1636891572,19800,1275841,Bhopal,200
77.4,23.2667,721,Haze,haze,50d,stations,300.28,299.82,300.28,300.28,1012,34,3000,2.57,300,85,1636887946,IN,1636851817,1636891572,19800,1275841,Bhopal,200
77.4,23.2667,721,Haze,haze,50n,stations,300.28,299.82,300.28,300.28,1012,34,2500,1.54,350,71,1636891667,IN,1636851817,1636891572,19800,1275841,Bhopal,200
77.4,23.2667,701,Mist,mist,50n,stations,297.28,296.82,297.28,297.28,1012,41,2000,1.54,350,0,1636894994,IN,1636851817,1636891572,19800,1275841,Bhopal,200
77.4,23.2667,701,Mist,mist,50n,stations,294.28,293.81,294.28,294.28,1013,52,2000,1.54,340,0,1636898883,IN,1636851817,1636891572,19800,1275841,Bhopal,200
77.4,23.2667,701,Mist,mist,50n,stations,293.28,292.71,293.28,293.28,1013,52,2000,0,0,0,1636902254,IN,1636851817,1636891572,19800,1275841,Bhopal,200
77.4,23.2667,701,Mist,mist,50n,stations,292.28,291.68,292.28,292.28,1014,55,2000,1.03,10,0,1636906091,IN,1636851817,1636891572,19800,1275841,Bhopal,200
77.4,23.2667,701,Mist,mist,50n,stations,293.28,292.71,293.28,293.28,1014,52,2000,2.57,40,1,1636909693,IN,1636851817,1636891572,19800,1275841,Bhopal,200
77.4,23.2667,800,Clear,clear sky,01n,stations,290.45,289.25,290.45,290.45,1012,39,1012,2.49,40,1,1636913135,IN,1636851817,1636891572,19800,1275841,Bhopal,200
77.4,23.2667,800,Clear,clear sky,01n,stations,289.87,288.67,289.87,289.87,1012,41,1012,2.45,48,0,1636916899,IN,1636938257,1636977953,19800,1275841,Bhopal,200
77.4,23.2667,800,Clear,clear sky,01n,stations,289.39,288.19,289.39,289.39,1012,43,1012,2.43,44,0,1636920487,IN,1636938257,1636977953,19800,1275841,Bhopal,200
77.4,23.2667,800,Clear,clear sky,01n,stations,288.94,287.72,288.94,288.94,1012,44,1012,2.54,38,2,1636924102,IN,1636938257,1636977953,19800,1275841,Bhopal,200
77.4,23.2667,800,Clear,clear sky,01n,stations,288.54,287.31,288.54,288.54,1012,45,1012,2.57,48,3,1636927505,IN,1636938257,1636977953,19800,1275841,Bhopal,200
77.4,23.2667,800,Clear,clear sky,01n,stations,288.22,286.98,288.22,288.22,1012,46,1012,2.43,59,6,1636931233,IN,1636938257,1636977953,19800,1275841,Bhopal,200
77.4,23.2667,800,Clear,clear sky,01n,stations,287.99,286.76,287.99,287.99,1012,47,1012,2.42,63,9,1636934905,IN,1636938257,1636977953,19800,1275841,Bhopal,200
77.4,23.2667,803,Clouds,broken clouds,04n,stations,287.52,286.24,287.52,287.52,1013,47,1013,2.43,51,67,1636938222,IN,1636938257,1636977953,19800,1275841,Bhopal,200
77.4,23.2667,701,Mist,mist,50d,stations,288.28,287.36,288.28,288.28,1013,58,2000,3.09,70,64,1636942108,IN,1636938257,1636977953,19800,1275841,Bhopal,200
77.4,23.2667,701,Mist,mist,50d,stations,291.28,290.4,291.28,291.28,1014,48,2500,1.03,50,73,1636945712,IN,1636938257,1636977953,19800,1275841,Bhopal,200
77.4,23.2667,721,Haze,haze,50d,stations,293.28,292.45,293.28,293.28,1015,42,2500,2.06,10,64,1636949313,IN,1636938257,1636977953,19800,1275841,Bhopal,200
77.4,23.2667,721,Haze,haze,50d,stations,295.28,294.59,295.28,295.28,1015,40,2500,2.06,60,68,1636952915,IN,1636938257,1636977953,19800,1275841,Bhopal,200
77.4,23.2667,721,Haze,haze,50d,stations,297.28,296.74,297.28,297.28,1015,38,2500,2.06,50,67,1636956455,IN,1636938257,1636977953,19800,1275841,Bhopal,200
77.4,23.2667,721,Haze,haze,50d,stations,299.28,299.28,299.28,299.28,1013,31,2500,3.09,10,29,1636959930,IN,1636938257,1636977953,19800,1275841,Bhopal,200
77.4,23.2667,721,Haze,haze,50d,stations,300.28,299.61,300.28,300.28,1012,29,3000,2.06,10,21,1636963617,IN,1636938257,1636977953,19800,1275841,Bhopal,200
77.4,23.2667,721,Haze,haze,50d,stations,299.28,299.28,299.28,299.28,1011,31,3000,2.57,330,20,1636967260,IN,1636938257,1636977953,19800,1275841,Bhopal,200
77.4,23.2667,802,Clouds,scattered clouds,03d,stations,299.91,299.18,299.91,299.91,1008,23,1008,3.07,25,38,1636970924,IN,1636938257,1636977953,19800,1275841,Bhopal,200
77.4,23.2667,721,Haze,haze,50d,stations,299.28,299.28,299.28,299.28,1010,29,3000,3.6,360,47,1636974526,IN,1636938257,1636977953,19800,1275841,Bhopal,200
77.4,23.2667,721,Haze,haze,50n,stations,298.28,297.66,298.28,298.28,1011,31,3000,2.06,10,46,1636978096,IN,1636938257,1636977953,19800,1275841,Bhopal,200
77.4,23.2667,721,Haze,haze,50n,stations,295.28,294.59,295.28,295.28,1011,40,3000,1.54,10,94,1636981504,IN,1636938257,1636977953,19800,1275841,Bhopal,200
77.4,23.2667,721,Haze,haze,50n,stations,293.28,292.52,293.28,293.28,1012,45,3000,0,0,100,1636985079,IN,1636938257,1636977953,19800,1275841,Bhopal,200
77.4,23.2667,721,Haze,haze,50n,stations,291.28,290.51,291.28,291.28,1012,52,3000,0,0,100,1636988876,IN,1636938257,1636977953,19800,1275841,Bhopal,200
77.4,23.2667,721,Haze,haze,50n,stations,292.28,291.35,292.28,292.28,1013,42,3000,1.03,10,92,1636992541,IN,1636938257,1636977953,19800,1275841,Bhopal,200
77.4,23.2667,721,Haze,haze,50n,stations,290.28,289.38,290.28,290.28,1014,51,3000,3.09,340,79,1636996142,IN,1636938257,1636977953,19800,1275841,Bhopal,200
77.4,23.2667,721,Haze,haze,50n,stations,290.28,289.48,290.28,290.28,1013,55,3000,2.57,360,69,1636999611,IN,1636938257,1636977953,19800,1275841,Bhopal,200
77.4,23.2667,802,Clouds,scattered clouds,03n,stations,289.36,288.19,289.36,289.36,1012,44,1012,2.96,46,29,1637003345,IN,1637024697,1637064336,19800,1275841,Bhopal,200
77.4,23.2667,803,Clouds,broken clouds,04n,stations,288.93,287.74,288.93,288.93,1012,45,1012,2.96,53,55,1637006948,IN,1637024697,1637064336,19800,1275841,Bhopal,200
77.4,23.2667,721,Haze,haze,50n,stations,288.28,287.36,288.28,288.28,1013,58,3000,3.09,20,42,1637010432,IN,1637024697,1637064336,19800,1275841,Bhopal,200
77.4,23.2667,802,Clouds,scattered clouds,03n,stations,288.11,286.91,288.11,288.11,1011,48,1011,3.13,45,37,1637013905,IN,1637024697,1637064336,19800,1275841,Bhopal,200
77.4,23.2667,802,Clouds,scattered clouds,03n,stations,287.73,286.52,287.73,287.73,1012,49,1012,3.17,48,31,1637017751,IN,1637024697,1637064336,19800,1275841,Bhopal,200
77.4,23.2667,802,Clouds,scattered clouds,03n,stations,287.37,286.15,287.37,287.37,1012,50,1012,3.25,50,26,1637021296,IN,1637024697,1637064336,19800,1275841,Bhopal,200
77.4,23.2667,802,Clouds,scattered clouds,03d,stations,287.03,285.78,287.03,287.03,1013,50,1013,3.21,56,45,1637024953,IN,1637024697,1637064336,19800,1275841,Bhopal,200
77.4,23.2667,701,Mist,mist,50d,stations,288.28,287.18,288.28,288.28,1014,51,2500,1.03,30,72,1637028493,IN,1637024697,1637064336,19800,1275841,Bhopal,200
77.4,23.2667,701,Mist,mist,50d,stations,289.28,288.38,289.28,289.28,1015,55,2500,2.06,350,81,1637032163,IN,1637024697,1637064336,19800,1275841,Bhopal,200
77.4,23.2667,721,Haze,haze,50d,stations,292.28,291.42,292.28,292.28,1016,45,2500,1.03,60,86,1637035704,IN,1637024697,1637064336,19800,1275841,Bhopal,200
77.4,23.2667,721,Haze,haze,50d,stations,295.28,294.59,295.28,295.28,1016,40,2500,2.57,50,70,1637039125,IN,1637024697,1637064336,19800,1275841,Bhopal,200
77.4,23.2667,721,Haze,haze,50d,stations,297.28,296.61,297.28,297.28,1015,33,3000,2.06,70,59,1637042847,IN,1637024697,1637064336,19800,1275841,Bhopal,200
77.4,23.2667,721,Haze,haze,50d,stations,298.28,297.66,298.28,298.28,1014,31,3000,2.57,30,14,1637046304,IN,1637024697,1637064336,19800,1275841,Bhopal,200
77.4,23.2667,801,Clouds,few clouds,02d,stations,299.39,299.39,299.39,299.39,1010,27,1010,3.18,62,11,1637050170,IN,1637024697,1637064336,19800,1275841,Bhopal,200
77.4,23.2667,721,Haze,haze,50d,stations,299.28,299.28,299.28,299.28,1012,29,3000,2.57,10,13,1637053725,IN,1637024697,1637064336,19800,1275841,Bhopal,200
77.4,23.2667,721,Haze,haze,50d,stations,300.28,299.58,300.28,300.28,1012,28,3000,2.57,20,20,1637057297,IN,1637024697,1637064336,19800,1275841,Bhopal,200
77.4,23.2667,721,Haze,haze,50d,stations,300.28,299.61,300.28,300.28,1011,29,3000,2.06,360,36,1637060900,IN,1637024697,1637064336,19800,1275841,Bhopal,200
77.4,23.2667,721,Haze,haze,50n,stations,298.28,297.71,298.28,298.28,1012,33,3000,2.57,340,46,1637064582,IN,1637024697,1637064336,19800,1275841,Bhopal,200
77.4,23.2667,721,Haze,haze,50n,stations,295.28,294.67,295.28,295.28,1012,43,3000,1.54,360,93,1637068184,IN,1637024697,1637064336,19800,1275841,Bhopal,200
77.4,23.2667,721,Haze,haze,50n,stations,293.28,292.63,293.28,293.28,1013,49,3000,1.54,340,62,1637071698,IN,1637024697,1637064336,19800,1275841,Bhopal,200
77.4,23.2667,721,Haze,haze,50n,stations,293.28,292.52,293.28,293.28,1014,45,3000,2.06,10,45,1637075387,IN,1637024697,1637064336,19800,1275841,Bhopal,200
77.4,23.2667,721,Haze,haze,50n,stations,292.28,291.5,292.28,292.28,1015,48,2500,2.06,10,58,1637078989,IN,1637024697,1637064336,19800,1275841,Bhopal,200
77.4,23.2667,803,Clouds,broken clouds,04n,stations,290.52,289.46,290.52,290.52,1014,44,1014,3.46,54,67,1637082369,IN,1637024697,1637064336,19800,1275841,Bhopal,200
77.4,23.2667,803,Clouds,broken clouds,04n,stations,290.07,289.02,290.07,290.07,1014,46,1014,3.57,54,72,1637086193,IN,1637024697,1637064336,19800,1275841,Bhopal,200
77.4,23.2667,804,Clouds,overcast clouds,04n,stations,289.74,288.68,289.74,289.74,1013,47,1013,3.24,52,100,1637089794,IN,1637111138,1637150719,19800,1275841,Bhopal,200
77.4,23.2667,804,Clouds,overcast clouds,04n,stations,289.67,288.6,289.67,289.67,1013,47,1013,3.24,57,100,1637093396,IN,1637111138,1637150719,19800,1275841,Bhopal,200
77.4,23.2667,804,Clouds,overcast clouds,04n,stations,289.48,288.4,289.48,289.48,1013,47,1013,3.31,58,100,1637096837,IN,1637111138,1637150719,19800,1275841,Bhopal,200
77.4,23.2667,804,Clouds,overcast clouds,04n,stations,289.28,288.2,289.28,289.28,1013,48,1013,3.37,58,100,1637100570,IN,1637111138,1637150719,19800,1275841,Bhopal,200
77.4,23.2667,804,Clouds,overcast clouds,04n,stations,289,287.95,289,289,1013,50,1013,3.42,56,100,1637104067,IN,1637111138,1637150719,19800,1275841,Bhopal,200
77.4,23.2667,804,Clouds,overcast clouds,04n,stations,288.74,287.69,288.74,288.74,1014,51,1014,3.1,55,100,1637107800,IN,1637111138,1637150719,19800,1275841,Bhopal,200
77.4,23.2667,804,Clouds,overcast clouds,04d,stations,288.74,287.69,288.74,288.74,1014,51,1014,3.28,58,100,1637111400,IN,1637111138,1637150719,19800,1275841,Bhopal,200
77.4,23.2667,701,Mist,mist,50d,stations,288.28,287.28,288.28,288.28,1016,55,2000,3.09,10,100,1637115001,IN,1637111138,1637150719,19800,1275841,Bhopal,200
77.4,23.2667,701,Mist,mist,50d,stations,290.28,289.38,290.28,290.28,1017,51,2000,2.57,360,100,1637118580,IN,1637111138,1637150719,19800,1275841,Bhopal,200
77.4,23.2667,721,Haze,haze,50d,stations,293.28,292.52,293.28,293.28,1018,45,2500,2.57,10,98,1637121971,IN,1637111138,1637150719,19800,1275841,Bhopal,200
77.4,23.2667,721,Haze,haze,50d,stations,295.28,294.67,295.28,295.28,1018,43,3000,1.54,40,98,1637125778,IN,1637111138,1637150719,19800,1275841,Bhopal,200
77.4,23.2667,721,Haze,haze,50d,stations,297.28,296.87,297.28,297.28,1017,43,3000,1.54,80,98,1637129384,IN,1637111138,1637150719,19800,1275841,Bhopal,200
77.4,23.2667,721,Haze,haze,50d,stations,299.28,299.28,299.28,299.28,1016,38,3000,3.09,50,100,1637133006,IN,1637111138,1637150719,19800,1275841,Bhopal,200
77.4,23.2667,721,Haze,haze,50d,stations,299.28,299.28,299.28,299.28,1015,41,3500,3.6,360,100,1637136467,IN,1637111138,1637150719,19800,1275841,Bhopal,200
77.4,23.2667,721,Haze,haze,50d,stations,300.28,300.06,300.28,300.28,1013,39,3500,3.6,10,100,1637139969,IN,1637111138,1637150719,19800,1275841,Bhopal,200
77.4,23.2667,721,Haze,haze,50d,stations,301.28,300.67,301.28,301.28,1013,36,3000,3.6,10,100,1637143804,IN,1637111138,1637150719,19800,1275841,Bhopal,200
77.4,23.2667,721,Haze,haze,50d,stations,300.28,300.06,300.28,300.28,1013,39,3000,2.57,20,100,1637147415,IN,1637111138,1637150719,19800,1275841,Bhopal,200
77.4,23.2667,721,Haze,haze,50n,stations,299.28,299.28,299.28,299.28,1013,44,3000,2.06,20,95,1637151005,IN,1637111138,1637150719,19800,1275841,Bhopal,200
77.4,23.2667,721,Haze,haze,50n,stations,297.28,297.05,297.28,297.28,1013,50,2500,2.06,10,11,1637154381,IN,1637111138,1637150719,19800,1275841,Bhopal,200
77.4,23.2667,721,Haze,haze,50n,stations,296.28,296.03,296.28,296.28,1014,53,2500,2.06,10,9,1637158204,IN,1637111138,1637150719,19800,1275841,Bhopal,200
77.4,23.2667,721,Haze,haze,50n,stations,295.28,294.93,295.28,295.28,1015,53,2500,2.57,360,6,1637161824,IN,1637111138,1637150719,19800,1275841,Bhopal,200
77.4,23.2667,721,Haze,haze,50n,stations,295.28,294.93,295.28,295.28,1016,53,2500,3.09,40,5,1637165426,IN,1637111138,1637150719,19800,1275841,Bhopal,200
77.4,23.2667,721,Haze,haze,50n,stations,294.28,293.81,294.28,294.28,1015,52,2500,2.57,70,5,1637168742,IN,1637111138,1637150719,19800,1275841,Bhopal,200
77.4,23.2667,800,Clear,clear sky,01n,stations,292.17,291.59,292.17,292.17,1014,56,1014,2.83,52,5,1637172604,IN,1637111138,1637150719,19800,1275841,Bhopal,200
77.4,23.2667,800,Clear,clear sky,01n,stations,292.01,291.44,292.01,292.01,1013,57,1013,2.67,62,0,1637176229,IN,1637197578,1637237105,19800,1275841,Bhopal,200
77.4,23.2667,800,Clear,clear sky,01n,stations,291.89,291.28,291.89,291.89,1013,56,1013,2.61,67,6,1637179804,IN,1637197578,1637237105,19800,1275841,Bhopal,200
77.4,23.2667,801,Clouds,few clouds,02n,stations,291.74,291.12,291.74,291.74,1012,56,1012,2.71,73,16,1637183431,IN,1637197578,1637237105,19800,1275841,Bhopal,200
77.4,23.2667,801,Clouds,few clouds,02n,stations,291.63,291,291.63,291.63,1012,56,1012,2.44,81,23,1637187005,IN,1637197578,1637237105,19800,1275841,Bhopal,200
77.4,23.2667,802,Clouds,scattered clouds,03n,stations,291.56,290.94,291.56,291.56,1012,57,1012,2.59,74,37,1637190633,IN,1637197578,1637237105,19800,1275841,Bhopal,200
77.4,23.2667,802,Clouds,scattered clouds,03n,stations,291.46,290.83,291.46,291.46,1012,57,1012,2.9,59,47,1637194065,IN,1637197578,1637237105,19800,1275841,Bhopal,200
77.4,23.2667,802,Clouds,scattered clouds,03d,stations,290.98,290.36,290.98,290.98,1013,59,1013,2.9,52,38,1637197836,IN,1637197578,1637237105,19800,1275841,Bhopal,200
77.4,23.2667,701,Mist,mist,50d,stations,290.28,289.69,290.28,290.28,1015,63,2000,3.6,10,37,1637201437,IN,1637197578,1637237105,19800,1275841,Bhopal,200
77.4,23.2667,701,Mist,mist,50d,stations,292.28,291.68,292.28,292.28,1015,55,2000,2.57,20,57,1637204856,IN,1637197578,1637237105,19800,1275841,Bhopal,200
77.4,23.2667,701,Mist,mist,50d,stations,294.28,293.81,294.28,294.28,1016,52,2000,2.57,50,65,1637208383,IN,1637197578,1637237105,19800,1275841,Bhopal,200
77.4,23.2667,701,Mist,mist,50d,stations,295.28,294.83,295.28,295.28,1016,49,2000,2.06,50,40,1637212260,IN,1637197578,1637237105,19800,1275841,Bhopal,200
77.4,23.2667,721,Haze,haze,50d,stations,297.28,296.95,297.28,297.28,1015,46,2500,2.06,50,20,1637215863,IN,1637197578,1637237105,19800,1275841,Bhopal,200
77.4,23.2667,721,Haze,haze,50d,stations,299.28,299.28,299.28,299.28,1014,44,2500,2.06,70,75,1637219405,IN,1637197578,1637237105,19800,1275841,Bhopal,200
77.4,23.2667,721,Haze,haze,50d,stations,300.28,300.33,300.28,300.28,1013,44,2500,1.03,50,75,1637223069,IN,1637197578,1637237105,19800,1275841,Bhopal,200
77.4,23.2667,803,Clouds,broken clouds,04d,stations,302.08,301.87,302.08,302.08,1009,42,1009,1.37,27,69,1637226670,IN,1637197578,1637237105,19800,1275841,Bhopal,200
77.4,23.2667,803,Clouds,broken clouds,04d,stations,301.93,301.71,301.93,301.93,1008,42,1008,1.65,68,66,1637230205,IN,1637197578,1637237105,19800,1275841,Bhopal,200
77.4,23.2667,701,Mist,mist,50d,stations,300.28,300.33,300.28,300.28,1011,44,2000,3.6,350,40,1637233805,IN,1637197578,1637237105,19800,1275841,Bhopal,200
77.4,23.2667,701,Mist,mist,50n,stations,299.28,299.28,299.28,299.28,1012,47,2000,2.57,360,40,1637237485,IN,1637197578,1637237105,19800,1275841,Bhopal,200
77.4,23.2667,701,Mist,mist,50n,stations,298.28,298.23,298.28,298.28,1012,53,2000,2.06,10,40,1637241087,IN,1637197578,1637237105,19800,1275841,Bhopal,200
77.4,23.2667,803,Clouds,broken clouds,04n,stations,296.8,296.68,296.8,296.8,1011,56,1011,3.85,46,72,1637244688,IN,1637197578,1637237105,19800,1275841,Bhopal,200
77.4,23.2667,701,Mist,mist,50n,stations,297.28,297.13,297.28,297.28,1013,53,2000,4.12,360,40,1637248004,IN,1637197578,1637237105,19800,1275841,Bhopal,200
77.4,23.2667,701,Mist,mist,50n,stations,295.28,295.01,295.28,295.28,1013,56,2000,5.66,360,40,1637251872,IN,1637197578,1637237105,19800,1275841,Bhopal,200
77.4,23.2667,802,Clouds,scattered clouds,03n,stations,294.1,293.61,294.1,294.1,1012,52,1012,4.37,53,35,1637255254,IN,1637197578,1637237105,19800,1275841,Bhopal,200
77.4,23.2667,802,Clouds,scattered clouds,03n,stations,293.36,292.77,293.36,293.36,1012,51,1012,3.5,53,25,1637259097,IN,1637197578,1637237105,19800,1275841,Bhopal,200
77.4,23.2667,801,Clouds,few clouds,02n,stations,292.92,292.28,292.92,292.92,1012,51,1012,3.17,56,13,1637262699,IN,1637284019,1637323491,19800,1275841,Bhopal,200
77.4,23.2667,803,Clouds,broken clouds,04n,stations,292.61,291.97,292.61,292.61,1011,52,1011,3.11,61,51,1637266202,IN,1637284019,1637323491,19800,1275841,Bhopal,200
77.4,23.2667,803,Clouds,broken clouds,04n,stations,292.38,291.72,292.38,292.38,1011,52,1011,3.03,70,67,1637269901,IN,1637284019,1637323491,19800,1275841,Bhopal,200
77.4,23.2667,803,Clouds,broken clouds,04n,stations,292.21,291.56,292.21,292.21,1010,53,1010,2.92,73,72,1637273502,IN,1637284019,1637323491,19800,1275841,Bhopal,200
77.4,23.2667,803,Clouds,broken clouds,04n,stations,292.01,291.34,292.01,292.01,1010,53,1010,2.86,71,75,1637276887,IN,1637284019,1637323491,19800,1275841,Bhopal,200
77.4,23.2667,802,Clouds,scattered clouds,03n,stations,291.96,291.23,291.96,291.96,1010,51,1010,2.87,101,49,1637280603,IN,1637284019,1637323491,19800,1275841,Bhopal,200
77.4,23.2667,803,Clouds,broken clouds,04d,stations,291.98,291.28,291.98,291.98,1011,52,1011,2.81,95,75,1637284203,IN,1637284019,1637323491,19800,1275841,Bhopal,200
77.4,23.2667,803,Clouds,broken clouds,04d,stations,292.83,292.24,292.83,292.83,1012,53,1012,3.06,77,82,1637287787,IN,1637284019,1637323491,19800,1275841,Bhopal,200
77.4,23.2667,804,Clouds,overcast clouds,04d,stations,295.04,294.54,295.04,295.04,1012,48,1012,4.01,75,86,1637291390,IN,1637284019,1637323491,19800,1275841,Bhopal,200
77.4,23.2667,803,Clouds,broken clouds,04d,stations,297.07,296.67,297.07,297.07,1013,44,1013,4.13,73,73,1637295016,IN,1637284019,1637323491,19800,1275841,Bhopal,200
77.4,23.2667,803,Clouds,broken clouds,04d,stations,298.83,298.55,298.83,298.83,1012,42,1012,3.93,78,61,1637298712,IN,1637284019,1637323491,19800,1275841,Bhopal,200
77.4,23.2667,701,Mist,mist,50d,stations,297.28,296.95,297.28,297.28,1013,46,2000,2.06,60,20,1637302230,IN,1637284019,1637323491,19800,1275841,Bhopal,200
77.4,23.2667,701,Mist,mist,50d,stations,298.28,298.23,298.28,298.28,1011,53,1800,0,0,75,1637305657,IN,1637284019,1637323491,19800,1275841,Bhopal,200
77.4,23.2667,802,Clouds,scattered clouds,03d,stations,300.63,300.56,300.63,300.63,1008,43,1008,2.95,101,46,1637309371,IN,1637284019,1637323491,19800,1275841,Bhopal,200
77.4,23.2667,803,Clouds,broken clouds,04d,stations,300.76,300.67,300.76,300.76,1007,43,1007,2.86,103,53,1637313117,IN,1637284019,1637323491,19800,1275841,Bhopal,200
77.4,23.2667,802,Clouds,scattered clouds,03d,stations,301.04,300.93,301.04,301.04,1007,43,1007,2.61,91,50,1637316718,IN,1637284019,1637323491,19800,1275841,Bhopal,200
77.4,23.2667,701,Mist,mist,50d,stations,299.28,299.28,299.28,299.28,1010,36,2000,2.57,360,40,1637320321,IN,1637284019,1637323491,19800,1275841,Bhopal,200
77.4,23.2667,701,Mist,mist,50n,stations,299.28,299.28,299.28,299.28,1010,38,2000,2.06,360,40,1637323675,IN,1637284019,1637323491,19800,1275841,Bhopal,200
77.4,23.2667,701,Mist,mist,50n,stations,298.28,297.92,298.28,298.28,1010,41,2000,2.06,360,40,1637327523,IN,1637284019,1637323491,19800,1275841,Bhopal,200
77.4,23.2667,701,Mist,mist,50n,stations,297.28,296.95,297.28,297.28,1010,46,2000,3.6,360,40,1637330873,IN,1637284019,1637323491,19800,1275841,Bhopal,200
77.4,23.2667,701,Mist,mist,50n,stations,295.28,294.93,295.28,295.28,1011,53,2000,4.63,350,40,1637334583,IN,1637284019,1637323491,19800,1275841,Bhopal,200
77.4,23.2667,701,Mist,mist,50n,stations,295.28,295.01,295.28,295.28,1011,56,2000,3.6,10,75,1637338330,IN,1637284019,1637323491,19800,1275841,Bhopal,200
77.4,23.2667,701,Mist,mist,50n,stations,294.28,294.02,294.28,294.28,1011,60,2000,3.6,360,75,1637341935,IN,1637284019,1637323491,19800,1275841,Bhopal,200
77.4,23.2667,701,Mist,mist,50n,stations,293.28,293.02,293.28,293.28,1011,64,2500,3.09,360,40,1637345326,IN,1637284019,1637323491,19800,1275841,Bhopal,200
77.4,23.2667,804,Clouds,overcast clouds,04n,stations,295.01,294.32,295.01,295.01,1009,41,1009,3.65,72,99,1637349138,IN,1637370460,1637409879,19800,1275841,Bhopal,200
77.4,23.2667,804,Clouds,overcast clouds,04n,stations,294.59,293.86,294.59,294.59,1009,41,1009,3.42,65,99,1637352603,IN,1637370460,1637409879,19800,1275841,Bhopal,200
77.4,23.2667,804,Clouds,overcast clouds,04n,stations,293.64,292.87,293.64,293.64,1009,43,1009,3.25,60,97,1637356339,IN,1637370460,1637409879,19800,1275841,Bhopal,200
77.4,23.2667,804,Clouds,overcast clouds,04n,stations,292.7,291.89,292.7,292.7,1009,45,1009,3.45,73,98,1637359927,IN,1637370460,1637409879,19800,1275841,Bhopal,200
77.4,23.2667,804,Clouds,overcast clouds,04n,stations,292.57,291.74,292.57,292.57,1009,45,1009,2.98,68,94,1637363541,IN,1637370460,1637409879,19800,1275841,Bhopal,200
77.4,23.2667,804,Clouds,overcast clouds,04n,stations,292.6,291.83,292.6,292.6,1009,47,1009,3.05,74,94,1637367035,IN,1637370460,1637409879,19800,1275841,Bhopal,200
77.4,23.2667,803,Clouds,broken clouds,04d,stations,291.24,290.33,291.24,291.24,1011,47,1011,3.08,77,64,1637370501,IN,1637370460,1637409879,19800,1275841,Bhopal,200
77.4,23.2667,701,Mist,mist,50d,stations,292.28,292.02,292.28,292.28,1012,68,2500,2.57,20,75,1637374344,IN,1637370460,1637409879,19800,1275841,Bhopal,200
77.4,23.2667,803,Clouds,broken clouds,04d,stations,293.59,292.81,293.59,293.59,1012,43,1012,3.73,69,70,1637377698,IN,1637370460,1637409879,19800,1275841,Bhopal,200
77.4,23.2667,701,Mist,mist,50d,stations,294.28,294.02,294.28,294.28,1014,60,2000,3.09,10,75,1637381546,IN,1637370460,1637409879,19800,1275841,Bhopal,200
77.4,23.2667,701,Mist,mist,50d,stations,296.28,296.03,296.28,296.28,1014,53,2000,4.12,60,75,1637385150,IN,1637370460,1637409879,19800,1275841,Bhopal,200
77.4,23.2667,721,Haze,haze,50d,stations,298.28,298.08,298.28,298.28,1014,47,2500,2.57,60,40,1637388752,IN,1637370460,1637409879,19800,1275841,Bhopal,200
77.4,23.2667,721,Haze,haze,50d,stations,298.28,298,298.28,298.28,1013,44,2500,4.63,360,40,1637392317,IN,1637370460,1637409879,19800,1275841,Bhopal,200
77.4,23.2667,721,Haze,haze,50d,stations,299.28,299.28,299.28,299.28,1012,44,2500,3.09,40,40,1637395886,IN,1637370460,1637409879,19800,1275841,Bhopal,200
77.4,23.2667,721,Haze,haze,50d,stations,300.28,300.16,300.28,300.28,1012,41,2500,2.57,40,75,1637399557,IN,1637370460,1637409879,19800,1275841,Bhopal,200
77.4,23.2667,721,Haze,haze,50d,stations,299.28,299.28,299.28,299.28,1011,44,2500,3.6,360,75,1637402916,IN,1637370460,1637409879,19800,1275841,Bhopal,200
77.4,23.2667,721,Haze,haze,50d,stations,298.28,298.08,298.28,298.28,1011,47,2500,5.14,360,75,1637406761,IN,1637370460,1637409879,19800,1275841,Bhopal,200
77.4,23.2667,721,Haze,haze,50n,stations,298.28,298.08,298.28,298.28,1011,47,2500,4.63,360,75,1637410362,IN,1637370460,1637409879,19800,1275841,Bhopal,200
77.4,23.2667,721,Haze,haze,50n,stations,297.28,296.95,297.28,297.28,1011,46,2500,3.09,10,40,1637413803,IN,1637370460,1637409879,19800,1275841,Bhopal,200
77.4,23.2667,721,Haze,haze,50n,stations,296.28,296.03,296.28,296.28,1012,53,2500,4.12,10,40,1637417564,IN,1637370460,1637409879,19800,1275841,Bhopal,200
77.4,23.2667,301,Drizzle,drizzle,09n,stations,296.28,296.03,296.28,296.28,1012,53,2500,4.12,10,40,1637417564,IN,1637370460,1637409879,19800,1275841,Bhopal,200
77.4,23.2667,721,Haze,haze,50n,stations,295.28,294.93,295.28,295.28,1013,53,2500,4.63,360,40,1637421166,IN,1637370460,1637409879,19800,1275841,Bhopal,200
77.4,23.2667,804,Clouds,overcast clouds,04n,stations,294,293.34,294,294,1012,46,1012,3.11,86,95,1637424574,IN,1637370460,1637409879,19800,1275841,Bhopal,200
77.4,23.2667,804,Clouds,overcast clouds,04n,stations,293.66,293.05,293.66,293.66,1012,49,1012,3.07,82,92,1637428370,IN,1637370460,1637409879,19800,1275841,Bhopal,200
77.4,23.2667,804,Clouds,overcast clouds,04n,stations,293.91,293.32,293.91,293.91,1012,49,1012,2.81,83,93,1637431972,IN,1637370460,1637409879,19800,1275841,Bhopal,200
77.4,23.2667,804,Clouds,overcast clouds,04n,stations,293.98,293.42,293.98,293.98,1011,50,1011,2.98,86,100,1637435423,IN,1637456901,1637496268,19800,1275841,Bhopal,200
77.4,23.2667,804,Clouds,overcast clouds,04n,stations,293.93,293.4,293.93,293.93,1011,51,1011,2.69,82,100,1637439097,IN,1637456901,1637496268,19800,1275841,Bhopal,200
77.4,23.2667,804,Clouds,overcast clouds,04n,stations,293.78,293.26,293.78,293.78,1010,52,1010,2.6,94,99,1637442781,IN,1637456901,1637496268,19800,1275841,Bhopal,200
77.4,23.2667,804,Clouds,overcast clouds,04n,stations,293.38,292.66,293.38,293.38,1010,46,1010,2.55,92,90,1637446082,IN,1637456901,1637496268,19800,1275841,Bhopal,200
77.4,23.2667,803,Clouds,broken clouds,04n,stations,292.46,291.7,292.46,292.46,1011,48,1011,2.33,78,78,1637449877,IN,1637456901,1637496268,19800,1275841,Bhopal,200
77.4,23.2667,803,Clouds,broken clouds,04n,stations,292.23,291.45,292.23,292.23,1011,48,1011,2.45,66,79,1637453584,IN,1637456901,1637496268,19800,1275841,Bhopal,200
77.4,23.2667,803,Clouds,broken clouds,04d,stations,292.03,291.25,292.03,292.03,1012,49,1012,2.64,62,74,1637457185,IN,1637456901,1637496268,19800,1275841,Bhopal,200
77.4,23.2667,701,Mist,mist,50d,stations,292.28,292.02,292.28,292.28,1014,68,2000,2.57,20,75,1637460669,IN,1637456901,1637496268,19800,1275841,Bhopal,200
77.4,23.2667,701,Mist,mist,50d,stations,292.28,292.02,292.28,292.28,1015,68,2000,3.09,20,40,1637464387,IN,1637456901,1637496268,19800,1275841,Bhopal,200
77.4,23.2667,701,Mist,mist,50d,stations,294.28,294.12,294.28,294.28,1016,64,2500,2.06,20,40,1637468103,IN,1637456901,1637496268,19800,1275841,Bhopal,200
77.4,23.2667,721,Haze,haze,50d,stations,296.28,296.11,296.28,296.28,1016,56,2500,2.57,30,20,1637471486,IN,1637456901,1637496268,19800,1275841,Bhopal,200
77.4,23.2667,721,Haze,haze,50d,stations,298.28,298.23,298.28,298.28,1015,53,2500,3.09,10,20,1637475304,IN,1637456901,1637496268,19800,1275841,Bhopal,200
77.4,23.2667,721,Haze,haze,50d,stations,300.28,300.69,300.28,300.28,1014,50,2500,1.54,60,20,1637478694,IN,1637456901,1637496268,19800,1275841,Bhopal,200
77.4,23.2667,721,Haze,haze,50d,stations,302.28,302.39,302.28,302.28,1013,45,3000,1.54,50,40,1637482503,IN,1637456901,1637496268,19800,1275841,Bhopal,200
77.4,23.2667,801,Clouds,few clouds,02n,stations,294.37,293.96,294.37,294.37,1012,54,1012,2.59,51,12,1637523904,IN,1637543343,1637582658,19800,1275841,Bhopal,200
77.4,23.2667,800,Clear,clear sky,01n,stations,294,293.63,294,294,1012,57,1012,2.37,59,5,1637527476,IN,1637543343,1637582658,19800,1275841,Bhopal,200
77.4,23.2667,721,Haze,haze,50n,stations,295.28,295.12,295.28,295.28,1015,60,3000,1.54,20,75,1637531308,IN,1637543343,1637582658,19800,1275841,Bhopal,200
77.4,23.2667,800,Clear,clear sky,01n,stations,293.44,293.07,293.44,293.44,1012,59,1012,2.46,45,3,1637534909,IN,1637543343,1637582658,19800,1275841,Bhopal,200
77.4,23.2667,800,Clear,clear sky,01n,stations,293.03,292.64,293.03,293.03,1013,60,1013,2.48,41,2,1637538510,IN,1637543343,1637582658,19800,1275841,Bhopal,200
77.4,23.2667,721,Haze,haze,50n,stations,294.28,294.22,294.28,294.28,1015,68,3000,2.57,360,75,1637542111,IN,1637543343,1637582658,19800,1275841,Bhopal,200
77.4,23.2667,721,Haze,haze,50d,stations,294.28,294.12,294.28,294.28,1015,64,3000,2.06,10,20,1637545474,IN,1637543343,1637582658,19800,1275841,Bhopal,200
77.4,23.2667,721,Haze,haze,50d,stations,294.28,294.22,294.28,294.28,1016,68,3000,3.09,10,20,1637549313,IN,1637543343,1637582658,19800,1275841,Bhopal,200
77.4,23.2667,721,Haze,haze,50d,stations,294.28,294.22,294.28,294.28,1017,68,3000,1.03,20,20,1637552704,IN,1637543343,1637582658,19800,1275841,Bhopal,200
77.4,23.2667,721,Haze,haze,50d,stations,298.28,298.23,298.28,298.28,1017,53,4000,2.57,60,2,1637556363,IN,1637543343,1637582658,19800,1275841,Bhopal,200
77.4,23.2667,721,Haze,haze,50d,stations,300.28,300.5,300.28,300.28,1017,47,4000,1.54,60,2,1637560124,IN,1637543343,1637582658,19800,1275841,Bhopal,200
77.4,23.2667,721,Haze,haze,50d,stations,301.28,301.23,301.28,301.28,1016,44,4000,1.54,10,2,1637563555,IN,1637543343,1637582658,19800,1275841,Bhopal,200
77.4,23.2667,721,Haze,haze,50d,stations,302.28,302.08,302.28,302.28,1015,42,4000,2.57,360,2,1637567325,IN,1637543343,1637582658,19800,1275841,Bhopal,200
77.4,23.2667,721,Haze,haze,50d,stations,302.28,301.8,302.28,302.28,1014,39,4000,2.57,340,1,1637570869,IN,1637543343,1637582658,19800,1275841,Bhopal,200
77.4,23.2667,721,Haze,haze,50d,stations,302.28,301.8,302.28,302.28,1013,39,4000,3.09,350,1,1637574414,IN,1637543343,1637582658,19800,1275841,Bhopal,200
77.4,23.2667,721,Haze,haze,50d,stations,301.28,301.23,301.28,301.28,1013,44,4000,3.09,360,2,1637578135,IN,1637543343,1637582658,19800,1275841,Bhopal,200
77.4,23.2667,721,Haze,haze,50d,stations,301.28,301.23,301.28,301.28,1013,44,4000,2.57,330,3,1637581736,IN,1637543343,1637582658,19800,1275841,Bhopal,200
77.4,23.2667,721,Haze,haze,50n,stations,299.28,299.28,299.28,299.28,1013,50,4000,1.54,340,5,1637585215,IN,1637543343,1637582658,19800,1275841,Bhopal,200
77.4,23.2667,721,Haze,haze,50n,stations,296.28,296.32,296.28,296.28,1014,64,4000,1.03,330,10,1637588650,IN,1637543343,1637582658,19800,1275841,Bhopal,200
77.4,23.2667,721,Haze,haze,50n,stations,296.28,296.22,296.28,296.28,1014,60,4000,1.54,320,5,1637592474,IN,1637543343,1637582658,19800,1275841,Bhopal,200
77.4,23.2667,721,Haze,haze,50n,stations,295.28,295.22,295.28,295.28,1014,64,3000,0,0,4,1637596129,IN,1637543343,1637582658,19800,1275841,Bhopal,200
77.4,23.2667,721,Haze,haze,50n,stations,295.28,295.22,295.28,295.28,1014,64,3000,1.03,290,3,1637599750,IN,1637543343,1637582658,19800,1275841,Bhopal,200
77.4,23.2667,800,Clear,clear sky,01n,stations,294.32,294.16,294.32,294.32,1014,64,1014,3.07,14,3,1637603351,IN,1637543343,1637582658,19800,1275841,Bhopal,200
77.4,23.2667,721,Haze,haze,50n,stations,294.28,294.22,294.28,294.28,1015,68,3000,1.54,320,0,1637606934,IN,1637629784,1637669050,19800,1275841,Bhopal,200
77.4,23.2667,800,Clear,clear sky,01n,stations,293.33,292.94,293.33,293.33,1013,59,1013,2.53,31,0,1637610554,IN,1637629784,1637669050,19800,1275841,Bhopal,200
77.4,23.2667,800,Clear,clear sky,01n,stations,292.88,292.32,292.88,292.88,1012,54,1012,2.52,38,0,1637613904,IN,1637629784,1637669050,19800,1275841,Bhopal,200
77.4,23.2667,721,Haze,haze,50n,stations,292.28,292.26,292.28,292.28,1014,77,3000,1.54,340,0,1637617757,IN,1637629784,1637669050,19800,1275841,Bhopal,200
77.4,23.2667,800,Clear,clear sky,01n,stations,292.09,291.21,292.09,292.09,1012,45,1012,2.36,47,0,1637621358,IN,1637629784,1637669050,19800,1275841,Bhopal,200
77.4,23.2667,800,Clear,clear sky,01n,stations,291.85,290.98,291.85,291.85,1012,46,1012,2.21,53,0,1637624936,IN,1637629784,1637669050,19800,1275841,Bhopal,200
77.4,23.2667,721,Haze,haze,50n,stations,292.28,291.79,292.28,292.28,1014,59,3000,1.03,50,0,1637628304,IN,1637629784,1637669050,19800,1275841,Bhopal,200
77.4,23.2667,701,Mist,mist,50d,stations,289.28,288.96,289.28,289.28,1014,77,2500,1.03,10,0,1637632163,IN,1637629784,1637669050,19800,1275841,Bhopal,200
77.4,23.2667,701,Mist,mist,50d,stations,293.28,292.92,293.28,293.28,1015,60,2500,1.54,20,0,1637635764,IN,1637629784,1637669050,19800,1275841,Bhopal,200
77.4,23.2667,701,Mist,mist,50d,stations,294.28,294.02,294.28,294.28,1016,60,2500,1.03,360,0,1637639365,IN,1637629784,1637669050,19800,1275841,Bhopal,200
77.4,23.2667,721,Haze,haze,50d,stations,298.28,298,298.28,298.28,1016,44,2500,1.54,40,0,1637642911,IN,1637629784,1637669050,19800,1275841,Bhopal,200
77.4,23.2667,800,Clear,clear sky,01d,stations,301.08,300.89,301.08,301.08,1013,42,1013,0.29,309,0,1637646354,IN,1637629784,1637669050,19800,1275841,Bhopal,200
77.4,23.2667,721,Haze,haze,50d,stations,299.28,299.28,299.28,299.28,1012,44,2500,3.09,40,40,1637649397,IN,1637370460,1637409879,19800,1275841,Bhopal,200
77.4,23.2667,721,Haze,haze,50d,stations,300.28,300.16,300.28,300.28,1012,41,2500,2.57,40,75,1637649399,IN,1637370460,1637409879,19800,1275841,Bhopal,200
77.4,23.2667,721,Haze,haze,50d,stations,300.34,299.41,300.34,300.34,1011,22,1011,3.81,42,80,1637649603,IN,1637111138,1637150719,19800,1275841,Bhopal,200
77.4,23.2667,721,Haze,haze,50d,stations,300.15,299.29,300.15,300.15,1010,22,1010,3.99,41,72,1637649447,IN,1637111138,1637150719,19800,1275841,Bhopal,200
77.4,23.2667,721,Haze,haze,50d,stations,300.28,299.58,300.28,300.28,1012,28,5000,3.6,360,64,1637650116,IN,1637111138,1637150719,19800,1275841,Bhopal,200
77.4,23.2667,721,Haze,haze,50d,stations,299.28,299.28,299.28,299.28,1012,29,5000,2.57,360,56,1637650146,IN,1637111138,1637150719,19800,1275841,Bhopal,200
77.4,23.2667,721,Haze,haze,50d,stations,297.28,296.61,297.28,297.28,1013,33,5000,2.06,340,28,1637650216,IN,1637111138,1637150719,19800,1275841,Bhopal,200
77.4,23.2667,721,Haze,haze,50d,stations,295.28,294.51,295.28,295.28,1013,37,5000,2.06,340,20,1637650416,IN,1637370460,1637409879,19800,1275841,Bhopal,200
77.4,23.2667,721,Haze,haze,50d,stations,299.28,299.28,299.28,299.28,1011,44,2500,3.6,360,75,1637650594,IN,1637370460,1637409879,19800,1275841,Bhopal,200
77.4,23.2667,721,Haze,haze,50d,stations,298.28,298.08,298.28,298.28,1011,47,2500,5.14,360,75,1637650694,IN,1637370460,1637409879,19800,1275841,Bhopal,200
77.4,23.2667,721,Haze,haze,50d,stations,302.28,302.08,302.28,302.28,1013,42,3000,0,0,0,1637650774,IN,1637629784,1637669050,19800,1275841,Bhopal,200
77.4,23.2667,721,Haze,haze,50d,stations,295.28,294.59,295.28,295.28,1017,40,3000,4.12,10,20,1637650794,IN,1636678938,1636718814,19800,1275841,Bhopal,200
77.4,23.2667,721,Haze,haze,50d,stations,298.28,297.66,298.28,298.28,1016,31,3000,5.66,20,20,1637651345,IN,1636678938,1636718814,19800,1275841,Bhopal,200
77.4,23.2667,721,Haze,haze,50d,stations,299.28,299.28,299.28,299.28,1015,27,3000,3.09,70,20,1637651345,IN,1636678938,1636718814,19800,1275841,Bhopal,200
77.4,23.2667,721,Haze,haze,50d,stations,300.28,299.37,300.28,300.28,1014,22,4000,4.12,70,20,1637651345,IN,1636678938,1636718814,19800,1275841,Bhopal,200
77.4,23.2667,721,Haze,haze,50d,stations,301.28,300.67,301.28,301.28,1013,36,3000,3.6,10,100,1637651345,IN,1637543343,1637582658,19800,1275841,Bhopal,200
77.4,23.2667,721,Haze,haze,50d,stations,300.28,300.06,300.28,300.28,1013,39,3000,2.57,20,100,1637652003,IN,1637543343,1637582658,19800,1275841,Bhopal,200
77.4,23.2667,721,Haze,haze,50d,stations,299.28,299.28,299.28,299.28,1013,44,3000,2.06,20,95,1637652003,IN,1637543343,1637582658,19800,1275841,Bhopal,200
77.4,23.2667,721,Haze,haze,50d,stations,301.28,301.23,301.28,301.28,1013,44,4000,3.09,360,2,1637652003,IN,1637543343,1637582658,19800,1275841,Bhopal,200
77.4,23.2667,721,Haze,haze,50d,stations,299.28,299.28,299.28,299.28,1015,25,3000,3.09,40,99,1637652003,IN,1636592499,1636632437,19800,1275841,Bhopal,200
77.4,23.2667,701,Mist,mist,50n,stations,300.78,299.35,300.28,300.28,1014,21,3000,4.63,360,67,1637652785,IN,1636592499,1636632437,19800,1275841,Bhopal,200
77.4,23.2667,701,Mist,mist,50n,stations,300.28,299.37,300.28,300.28,1013,22,3000,4.63,10,50,1637652785,IN,1636592499,1636632437,19800,1275841,Bhopal,200
77.4,23.2667,701,Mist,mist,50n,stations,298.28,298.08,298.28,298.28,1014,47,2500,2.57,60,40,1637652785,IN,1637370460,1637409879,19800,1275841,Bhopal,200
77.4,23.2667,721,Haze,haze,50d,stations,298.28,298,298.28,298.28,1013,44,2500,4.63,360,40,1637652785,IN,1637370460,1637409879,19800,1275841,Bhopal,200
77.4,23.2667,721,Haze,haze,50d,stations,302.21,296.95,297.28,297.28,1011,46,2500,3.09,10,40,1637653746,IN,1637629784,1637669050,19800,1275841,Bhopal,200
77.4,23.2667,721,Haze,haze,50d,stations,302.38,296.03,296.28,296.28,1012,53,2500,4.12,10,40,1637653746,IN,1637629784,1637669050,19800,1275841,Bhopal,200
77.4,23.2667,721,Haze,haze,50d,stations,302.28,296.03,296.28,296.28,1012,53,2500,4.12,10,40,1637653746,IN,1637629784,1637669050,19800,1275841,Bhopal,200
77.4,23.2667,721,Haze,haze,50d,stations,302.33,294.93,295.28,295.28,1013,53,2500,4.63,360,40,1637653746,IN,1637629784,1637669050,19800,1275841,Bhopal,200
77.4,23.2667,721,Haze,haze,50d,stations,300.28,293.34,294,294,1012,46,1012,3.11,86,95,1637654434,IN,1637629784,1637669050,19800,1275841,Bhopal,200
77.4,23.2667,721,Haze,haze,50d,stations,299.28,299.28,299.28,299.28,1013,44,3000,2.06,20,95,1637654434,IN,1637629784,1637669050,19800,1275841,Bhopal,200
77.4,23.2667,721,Haze,haze,50d,stations,297.28,297.05,297.28,297.28,1013,50,2500,2.06,10,11,1637654434,IN,1637629784,1637669050,19800,1275841,Bhopal,200
77.4,23.2667,721,Haze,haze,50d,stations,296.28,296.03,296.28,296.28,1014,53,2500,2.06,10,9,1637655014,IN,1637629784,1637669050,19800,1275841,Bhopal,200
77.4,23.2667,721,Haze,haze,50d,stations,299.28,299.28,299.28,299.28,1013,50,4000,1.54,340,5,1637655014,IN,1637629784,1637669050,19800,1275841,Bhopal,200
77.4,23.2667,721,Haze,haze,50d,stations,296.28,296.32,296.28,296.28,1014,64,4000,1.03,330,10,1637655014,IN,1637629784,1637669050,19800,1275841,Bhopal,200
77.4,23.2667,721,Haze,haze,50d,stations,294.28,293.81,294.28,294.28,1015,52,2500,2.57,70,5,1637655014,IN,1637629784,1637669050,19800,1275841,Bhopal,200
77.4,23.2667,721,Haze,haze,50d,stations,299.28,299.28,299.28,299.28,1013,27,5000,3.09,360,54,1637655543,IN,1637629784,1637669050,19800,1275841,Bhopal,200
77.4,23.2667,721,Haze,haze,50d,stations,296.28,295.51,296.28,296.28,1013,33,5000,1.54,360,76,1637655543,IN,1637629784,1637669050,19800,1275841,Bhopal,200
77.4,23.2667,721,Haze,haze,50d,stations,294.28,293.36,294.28,294.28,1014,35,5000,2.57,350,82,1637655543,IN,1637629784,1637669050,19800,1275841,Bhopal,200
77.4,23.2667,721,Haze,haze,50d,stations,296.28,295.51,296.28,296.28,1013,33,5000,1.54,360,76,1637655543,IN,1637629784,1637669050,19800,1275841,Bhopal,200
77.4,23.2667,721,Haze,haze,50d,stations,299.29,299.29,299.29,299.29,1013,24,1013,4.08,47,100,1637656462,IN,1637629784,1637669050,19800,1275841,Bhopal,200
77.4,23.2667,721,Haze,haze,50d,stations,300.28,299.61,300.28,300.28,1014,29,4000,2.57,30,90,1637656462,IN,1637629784,1637669050,19800,1275841,Bhopal,200
77.4,23.2667,721,Haze,haze,50d,stations,300.34,299.41,300.34,300.34,1011,22,1011,3.81,42,80,1637656462,IN,1637629784,1637669050,19800,1275841,Bhopal,200
77.4,23.2667,721,Haze,haze,50d,stations,300.15,299.29,300.15,300.15,1010,22,1010,3.99,41,72,1637656462,IN,1637629784,1637669050,19800,1275841,Bhopal,200
77.4,23.2667,721,Haze,haze,50d,stations,298.28,298,298.28,298.28,1016,44,2500,1.54,40,0,1637657189,IN,1637629784,1637669050,19800,1275841,Bhopal,200
77.4,23.2667,721,Haze,haze,50d,stations,294.28,294.22,294.28,294.28,1017,68,3000,1.03,20,20,1637657189,IN,1637629784,1637669050,19800,1275841,Bhopal,200
77.4,23.2667,721,Haze,haze,50d,stations,299.28,299.28,299.28,299.28,1013,31,2500,3.09,10,29,1637657189,IN,1637629784,1637669050,19800,1275841,Bhopal,200
77.4,23.2667,721,Haze,haze,50d,stations,300.28,299.61,300.28,300.28,1012,29,3000,2.06,10,21,1637657189,IN,1637629784,1637669050,19800,1275841,Bhopal,200
77.4,23.2667,721,Haze,haze,50d,stations,299.28,299.28,299.28,299.28,1011,31,3000,2.57,330,20,1637657915,IN,1637629784,1637669050,19800,1275841,Bhopal,200
77.4,23.2667,721,Haze,haze,50d,stations,299.91,299.18,299.91,299.91,1008,23,1008,3.07,25,38,1637657915,IN,1637629784,1637669050,19800,1275841,Bhopal,200
77.4,23.2667,721,Haze,haze,50d,stations,299.28,299.28,299.28,299.28,1010,29,3000,3.6,360,47,1637657915,IN,1637629784,1637669050,19800,1275841,Bhopal,200
77.4,23.2667,721,Haze,haze,50d,stations,295.28,295.22,295.28,295.28,1014,64,3000,1.03,290,3,1637657915,IN,1637629784,1637669050,19800,1275841,Bhopal,200
77.4,23.2667,721,Haze,haze,50d,stations,289.67,288.6,289.67,289.67,1013,47,1013,3.24,57,100,1637658639,IN,1637629784,1637669050,19800,1275841,Bhopal,200
77.4,23.2667,721,Haze,haze,50d,stations,289.48,288.4,289.48,289.48,1013,47,1013,3.31,58,100,1637658639,IN,1637629784,1637669050,19800,1275841,Bhopal,200
77.4,23.2667,721,Haze,haze,50d,stations,289.28,288.2,289.28,289.28,1013,48,1013,3.37,58,100,1637658639,IN,1637629784,1637669050,19800,1275841,Bhopal,200
77.4,23.2667,721,Haze,haze,50d,stations,289,287.95,289,289,1013,50,1013,3.42,56,100,1637658639,IN,1637629784,1637669050,19800,1275841,Bhopal,200
77.4,23.2667,721,Haze,haze,50d,stations,288.74,287.69,288.74,288.74,1014,51,1014,3.1,55,100,1637659364,IN,1637629784,1637669050,19800,1275841,Bhopal,200
77.4,23.2667,721,Haze,haze,50d,stations,288.74,287.69,288.74,288.74,1014,51,1014,3.28,58,100,1637659364,IN,1637629784,1637669050,19800,1275841,Bhopal,200
77.4,23.2667,721,Haze,haze,50d,stations,297.28,296.61,297.28,297.28,1015,33,3000,2.06,70,59,1637659364,IN,1637629784,1637669050,19800,1275841,Bhopal,200
77.4,23.2667,721,Haze,haze,50d,stations,298.28,297.66,298.28,298.28,1014,31,3000,2.57,30,14,1637659364,IN,1637629784,1637669050,19800,1275841,Bhopal,200
77.4,23.2667,701,Mist,mist,50d,stations,299.39,299.39,299.39,299.39,1010,27,1010,3.18,62,11,1637660088,IN,1637629784,1637669050,19800,1275841,Bhopal,200
77.4,23.2667,701,Mist,mist,50d,stations,299.28,299.28,299.28,299.28,1012,29,3000,2.57,10,13,1637660088,IN,1637629784,1637669050,19800,1275841,Bhopal,200
77.4,23.2667,802,Clouds,scattered clouds,03d,stations,300.28,299.58,300.28,300.28,1012,28,3000,2.57,20,20,1637660088,IN,1637629784,1637669050,19800,1275841,Bhopal,200
77.4,23.2667,721,Haze,haze,50d,stations,301.28,302.11,301.48,302.48,1023,52,3500,3.049,290,0,1637660088,IN,1637629784,1637669050,19800,1275841,Bhopal,200
77.4,23.2667,721,Haze,haze,50d,stations,296.28,296.03,296.28,296.28,1014,53,2000,4.12,60,75,1637660815,IN,1637629784,1637669050,19800,1275841,Bhopal,200
77.4,23.2667,721,Haze,haze,50d,stations,298.28,298.08,298.28,298.28,1014,47,2500,2.57,60,40,1637660815,IN,1637629784,1637669050,19800,1275841,Bhopal,200
77.4,23.2667,721,Haze,haze,50d,stations,298.28,298,298.28,298.28,1013,44,2500,4.63,360,40,1637660815,IN,1637629784,1637669050,19800,1275841,Bhopal,200
77.4,23.2667,721,Haze,haze,50d,stations,299.28,299.28,299.28,299.28,1012,44,2500,3.09,40,40,1637660815,IN,1637629784,1637669050,19800,1275841,Bhopal,200
77.4,23.2667,721,Haze,haze,50d,stations,300.28,300.16,300.28,300.28,1012,41,2500,2.57,40,75,1637661541,IN,1637629784,1637669050,19800,1275841,Bhopal,200
77.4,23.2667,721,Haze,haze,50d,stations,299.28,299.28,299.28,299.28,1011,44,2500,3.6,360,75,1637661541,IN,1637629784,1637669050,19800,1275841,Bhopal,200
77.4,23.2667,721,Haze,haze,50d,stations,301.28,300.01,301.28,301.28,1013,21,5000,3.6,20,20,1637661541,IN,1637629784,1637669050,19800,1275841,Bhopal,200
77.4,23.2667,721,Haze,haze,50d,stations,300.28,299.37,300.28,300.28,1012,22,5000,3.6,20,59,1637661541,IN,1637629784,1637669050,19800,1275841,Bhopal,200
77.4,23.2667,721,Haze,haze,50d,stations,300.28,299.37,300.28,300.28,1013,22,5000,2.57,30,59,1637662095,IN,1637629784,1637669050,19800,1275841,Bhopal,200
77.4,23.2667,721,Haze,haze,50d,stations,299.28,299.28,299.28,299.28,1013,27,5000,3.09,360,54,1637662095,IN,1637629784,1637669050,19800,1275841,Bhopal,200
77.4,23.2667,721,Haze,haze,50d,stations,296.28,295.51,296.28,296.28,1013,33,5000,1.54,360,76,1637662095,IN,1637629784,1637669050,19800,1275841,Bhopal,200
77.4,23.2667,721,Haze,haze,50d,stations,302.28,302.08,302.28,302.28,1012,42,4000,5.14,240,20,1637662803,IN,1637629784,1637669050,19800,1275841,Bhopal,200
77.4,23.2667,721,Haze,haze,50d,stations,294.28,293.81,294.28,294.28,1013,52,2000,1.54,340,0,1637662803,IN,1637629784,1637669050,19800,1275841,Bhopal,200
77.4,23.2667,721,Haze,haze,50d,stations,293.28,292.71,293.28,293.28,1013,52,2000,0,0,0,1637663236,IN,1637629784,1637669050,19800,1275841,Bhopal,200
77.4,23.2667,721,Haze,haze,50d,stations,292.28,291.68,292.28,292.28,1014,55,2000,1.03,10,0,1637663236,IN,1637629784,1637669050,19800,1275841,Bhopal,200
77.4,23.2667,721,Haze,haze,50d,stations,293.28,292.71,293.28,293.28,1014,52,2000,2.57,40,1,1637664003,IN,1637629784,1637669050,19800,1275841,Bhopal,200
77.4,23.2667,721,Haze,haze,50d,stations,290.45,289.25,290.45,290.45,1012,39,1012,2.49,40,1,1637664003,IN,1637629784,1637669050,19800,1275841,Bhopal,200
77.4,23.2667,721,Haze,haze,50d,stations,297.28,296.95,297.28,297.28,1011,46,2500,3.09,10,40,1637664685,IN,1637629784,1637669050,19800,1275841,Bhopal,200
77.4,23.2667,721,Haze,haze,50d,stations,296.28,296.03,296.28,296.28,1012,53,2500,4.12,10,40,1637664685,IN,1637629784,1637669050,19800,1275841,Bhopal,200
77.4,23.2667,721,Haze,haze,50d,stations,296.28,296.03,296.28,296.28,1012,53,2500,4.12,10,40,1637665148,IN,1637629784,1637669050,19800,1275841,Bhopal,200
77.4,23.2667,721,Haze,haze,50d,stations,288.28,287.18,288.28,288.28,1014,51,2500,1.03,30,77,1637665148,IN,1637629784,1637669050,19800,1275841,Bhopal,200
77.4,23.2667,721,Haze,haze,50d,stations,289.28,288.38,289.28,289.28,1015,55,2500,2.06,350,84,1637665854,IN,1637629784,1637669050,19800,1275841,Bhopal,200
77.4,23.2667,721,Haze,haze,50d,stations,292.28,291.42,292.28,292.28,1016,45,2500,1.03,60,87,1637665854,IN,1637629784,1637669050,19800,1275841,Bhopal,200
77.4,23.2667,721,Haze,haze,50d,stations,295.28,294.59,295.28,295.28,1016,40,2500,2.57,50,69,1637666503,IN,1637629784,1637669050,19800,1275841,Bhopal,200
77.4,23.2667,721,Haze,haze,50d,stations,297.28,296.61,297.28,297.28,1015,33,3000,2.06,70,59,1637666503,IN,1637629784,1637669050,19800,1275841,Bhopal,200
77.4,23.2667,800,Clear,clear sky,01d,stations,298.72,298.48,298.72,298.72,1010,44,1010,2.8,345,0,1637667002,IN,1637629784,1637669050,19800,1275841,Bhopal,200
77.4,23.2667,800,Clear,clear sky,01d,stations,297.28,296.61,297.28,297.28,1013,33,5000,2.06,340,28,1637667002,IN,1637629784,1637669050,19800,1275841,Bhopal,200
77.4,23.2667,800,Clear,clear sky,01d,stations,295.28,294.51,295.28,295.28,1013,37,5000,2.06,340,20,1637667710,IN,1637629784,1637669050,19800,1275841,Bhopal,200
77.4,23.2667,800,Clear,clear sky,01d,stations,293.28,292.45,293.28,293.28,1014,42,5000,1.54,360,17,1637667710,IN,1637629784,1637669050,19800,1275841,Bhopal,200
77.4,23.2667,800,Clear,clear sky,01d,stations,293.28,292.39,293.28,293.28,1014,40,4000,2.06,10,35,1637668023,IN,1637629784,1637669050,19800,1275841,Bhopal,200
77.4,23.2667,800,Clear,clear sky,01d,stations,288.94,287.72,288.94,288.94,1012,44,1012,2.54,38,2,1637668023,IN,1637629784,1637669050,19800,1275841,Bhopal,200
77.4,23.2667,800,Clear,clear sky,01d,stations,288.54,287.31,288.54,288.54,1012,45,1012,2.57,48,3,1637668751,IN,1637629784,1637669050,19800,1275841,Bhopal,200
77.4,23.2667,800,Clear,clear sky,01d,stations,288.22,286.98,288.22,288.22,1012,46,1012,2.43,59,6,1637668751,IN,1637629784,1637669050,19800,1275841,Bhopal,200
77.4,23.2667,800,Clear,clear sky,01n,stations,287.99,286.76,287.99,287.99,1012,47,1012,2.42,63,9,1637669519,IN,1637629784,1637669050,19800,1275841,Bhopal,200
77.4,23.2667,800,Clear,clear sky,01n,stations,287.52,286.24,287.52,287.52,1013,47,1013,2.43,51,67,1637669519,IN,1637629784,1637669050,19800,1275841,Bhopal,200
77.4,23.2667,721,Haze,haze,50n,stations,288.28,287.36,288.28,288.28,1013,58,2000,3.09,70,64,1637670121,IN,1637629784,1637669050,19800,1275841,Bhopal,200
77.4,23.2667,721,Haze,haze,50n,stations,290.28,289.48,290.28,290.28,1016,55,3000,2.06,10,96,1637670121,IN,1637629784,1637669050,19800,1275841,Bhopal,200
77.4,23.2667,721,Haze,haze,50n,stations,294.28,293.57,294.28,294.28,1016,43,3000,2.06,40,90,1637670637,IN,1637629784,1637669050,19800,1275841,Bhopal,200
77.4,23.2667,721,Haze,haze,50n,stations,295.28,294.59,295.28,295.28,1017,40,3000,4.12,10,20,1637670637,IN,1637629784,1637669050,19800,1275841,Bhopal,200
77.4,23.2667,721,Haze,haze,50n,stations,298.28,297.66,298.28,298.28,1016,31,3000,5.66,20,20,1637671203,IN,1637629784,1637669050,19800,1275841,Bhopal,200
77.4,23.2667,721,Haze,haze,50n,stations,299.28,299.28,299.28,299.28,1015,27,3000,3.09,70,20,1637671203,IN,1637629784,1637669050,19800,1275841,Bhopal,200
77.4,23.2667,721,Haze,haze,50n,stations,300.28,299.37,300.28,300.28,1014,22,4000,4.12,70,20,1637671667,IN,1637629784,1637669050,19800,1275841,Bhopal,200
77.4,23.2667,721,Haze,haze,50n,stations,301.28,300.01,301.28,301.28,1013,21,5000,3.6,20,20,1637671667,IN,1637629784,1637669050,19800,1275841,Bhopal,200
77.4,23.2667,721,Haze,haze,50n,stations,297.28,296.61,297.28,297.28,1013,33,5000,2.06,340,28,1637672405,IN,1637629784,1637669050,19800,1275841,Bhopal,200
77.4,23.2667,721,Haze,haze,50n,stations,295.28,294.51,295.28,295.28,1013,37,5000,2.06,340,20,1637672405,IN,1637629784,1637669050,19800,1275841,Bhopal,200
77.4,23.2667,721,Haze,haze,50n,stations,293.28,292.45,293.28,293.28,1014,42,5000,1.54,360,17,1637673134,IN,1637629784,1637669050,19800,1275841,Bhopal,200
77.4,23.2667,721,Haze,haze,50n,stations,293.28,292.39,293.28,293.28,1014,40,4000,2.06,10,35,1637673134,IN,1637629784,1637669050,19800,1275841,Bhopal,200
77.4,23.2667,721,Haze,haze,50n,stations,298.28,298.23,298.28,298.28,1014,53,4000,1.54,350,0,1637673537,IN,1637629784,1637669050,19800,1275841,Bhopal,200
77.4,23.2667,721,Haze,haze,50n,stations,296.28,295.51,296.28,296.28,1013,33,5000,1.54,360,76,1637673537,IN,1637629784,1637669050,19800,1275841,Bhopal,200
77.4,23.2667,721,Haze,haze,50n,stations,294.28,293.36,294.28,294.28,1014,35,5000,2.57,350,82,1637674338,IN,1637629784,1637669050,19800,1275841,Bhopal,200
77.4,23.2667,721,Haze,haze,50n,stations,293.28,292.39,293.28,293.28,1015,40,5000,2.06,10,98,1637674338,IN,1637629784,1637669050,19800,1275841,Bhopal,200
77.4,23.2667,721,Haze,haze,50n,stations,292.28,291.42,292.28,292.28,1015,45,4000,2.06,360,99,1637674942,IN,1637629784,1637669050,19800,1275841,Bhopal,200
77.4,23.2667,721,Haze,haze,50n,stations,291.28,290.32,291.28,291.28,1015,45,4000,2.57,360,90,1637674942,IN,1637629784,1637669050,19800,1275841,Bhopal,200
77.4,23.2667,721,Haze,haze,50n,stations,298.28,297.92,298.28,298.28,1010,41,2000,2.06,360,40,1637675464,IN,1637629784,1637669050,19800,1275841,Bhopal,200
77.4,23.2667,721,Haze,haze,50n,stations,297.28,296.95,297.28,297.28,1010,46,2000,3.6,360,40,1637675464,IN,1637629784,1637669050,19800,1275841,Bhopal,200
77.4,23.2667,721,Haze,haze,50n,stations,295.28,294.93,295.28,295.28,1011,53,2000,4.63,350,40,1637676054,IN,1637629784,1637669050,19800,1275841,Bhopal,200
77.4,23.2667,721,Haze,haze,50n,stations,295.28,295.01,295.28,295.28,1011,56,2000,3.6,10,75,1637676054,IN,1637629784,1637669050,19800,1275841,Bhopal,200
77.4,23.2667,721,Haze,haze,50n,stations,294.28,294.02,294.28,294.28,1011,60,2000,3.6,360,75,1637676577,IN,1637629784,1637669050,19800,1275841,Bhopal,200
77.4,23.2667,721,Haze,haze,50n,stations,293.28,293.02,293.28,293.28,1011,64,2500,3.09,360,40,1637676577,IN,1637629784,1637669050,19800,1275841,Bhopal,200
77.4,23.2667,721,Haze,haze,50n,stations,295.28,295.22,295.28,295.28,1014,64,4000,0,0,0,1637677349,IN,1637629784,1637669050,19800,1275841,Bhopal,200
77.4,23.2667,804,Clouds,overcast clouds,04n,stations,300.28,299.61,300.28,300.28,1011,29,3000,2.06,360,36,1637677349,IN,1637629784,1637669050,19800,1275841,Bhopal,200
77.4,23.2667,804,Clouds,overcast clouds,04n,stations,298.28,297.71,298.28,298.28,1012,33,3000,2.57,340,46,1637677879,IN,1637629784,1637669050,19800,1275841,Bhopal,200
77.4,23.2667,804,Clouds,overcast clouds,04n,stations,295.28,294.67,295.28,295.28,1012,43,3000,1.54,360,93,1637677879,IN,1637629784,1637669050,19800,1275841,Bhopal,200
77.4,23.2667,721,Haze,haze,50n,stations,293.28,292.63,293.28,293.28,1013,49,3000,1.54,340,62,1637678554,IN,1637629784,1637669050,19800,1275841,Bhopal,200
77.4,23.2667,721,Haze,haze,50n,stations,293.28,292.52,293.28,293.28,1014,45,3000,2.06,10,45,1637678554,IN,1637629784,1637669050,19800,1275841,Bhopal,200
77.4,23.2667,721,Haze,haze,50n,stations,292.28,291.5,292.28,292.28,1015,48,2500,2.06,10,58,1637679003,IN,1637629784,1637669050,19800,1275841,Bhopal,200
